{
  "name": "New Moon",
  "type": "dark",
  "colors": {
    "editor.background": "#2d2d2d",
    "editor.foreground": "#b3b9c5",
    "editor.lineHighlightBackground": "#202020",
    "editor.selection": "#414141",
    "editor.selectionBackground": "#444444",
    "editor.whitespaces": "#555555",
    "editorCursor.foreground": "#ffeea6",
    "editorSuggestWidget.highlightForeground": "#ffd479",
    "editorSuggestWidget.background": "#2d2d2d",
    "editorSuggestWidget.Hoverbackground": "#444444",
    "editorSuggestWidget.border": "#202020",
    "editorSuggestWidget.selectedBackground": "#202020",
    "sideBarBackground": "#282828",
    "sideBarSectionHeader.border": "#282828",
    "tab.background": "#202020",
    "tab.inactiveBackground": "#202020",
    "tab.activeBackground": "#2d2d2d",
    "statusBarItem.hoverBackground": "#111",
    "findRangeHighlightBackground": "#66666699",
    "editor.findMatchBackground": "#101010",
    "editor.findMatchBorder": "#ffd479",
    "button.background": "#4a7baa",
    "button.foreground": "#ffffff",
    "button.hoverBackground": "#6ab0f3",
    "textLink.foreground": "#6ab0f3",
    "textLink.activeForeground": "#6ab0f3",
    "editorLineNumber.foreground": "#606060",
    "editorLineNumber.activeForeground": "#909090",
    "scrollbarSlider.background": "#44444480",
    "scrollbarSlider.activeBackground": "#88888880",
    "scrollbarSlider.hoverBackground": "#66666680",
    "sideBar.background": "#272727",
    "sideBarSectionHeader.background": "#202020",
    "statusBar.background": "#202020",
    "statusBar.foreground": "#909090",
    "statusBar.noFolderBackground": "#21252b",
    "statusBar.debuggingForeground": "#ffffff",
    "extensionButton.prominentBackground": "#ffd479",
    "extensionButton.prominentForeground": "#222222",
    "extensionButton.prominentHoverBackground": "#ffeea6",
    "badge.background": "#4a7baa",
    "badge.foreground": "#d7dae0",
    "list.hoverBackground": "#383838",
    "list.inactiveSelectionBackground": "#444444",
    "list.activeSelectionBackground": "#4a7baa66",
    "list.focusBackground": "#101010",
    "editorBracketMatch.background": "#101010",
    "editorBracketMatch.border": "#ffffff",
    "editorError.foreground": "#f2777a",
    "panel.background": "#202020",
    "inputOption.activeBorder": "#ffd479",
    "inputValidation.warningBorder": "#f2777a",
    "input.background": "#333333",
    "editor.findMatchHighlightBackground": "#cda86955",
    "diffEditor.insertedTextBackground": "#92d19244",
    "diffEditor.removedTextBackground": "#f2777a44",
    "diffEditor.border": "#444444",
    "terminal.background": "#242424",
    "terminal.foreground": "#b3b9c5",
    "terminal.ansiBlack": "#666666",
    "terminal.ansiBlue": "#6ab0f3",
    "terminal.ansiCyan": "#62cfcf",
    "terminal.ansiGreen": "#92d192",
    "terminal.ansiMagenta": "#e1a6f2",
    "terminal.ansiRed": "#f2777a",
    "terminal.ansiWhite": "#ffffff",
    "terminal.ansiYellow": "#ffd479",
    "terminal.ansiBrightBlack": "#777777",
    "terminal.ansiBrightBlue": "#6ab0f3",
    "terminal.ansiBrightCyan": "#62cfcf",
    "terminal.ansiBrightGreen": "#92d192",
    "terminal.ansiBrightMagenta": "#e1a6f2",
    "terminal.ansiBrightRed": "#f2777a",
    "terminal.ansiBrightWhite": "#ffffff",
    "terminal.ansiBrightYellow": "#ffd479",
    "terminal.selectionBackground": "#bbbbbb22",
    "peekViewResult.background": "#242424",
    "peekViewEditor.background": "#242424",
    "peekView.border": "#333333",
    "peekViewResult.selectionBackground": "#444444",
    "peekViewEditor.matchHighlightBackground": "#2d2d2d",
    "peekViewResult.matchHighlightBackground": "#2d2d2d"
  },
  "tokenColors": [
    {
      "settings": {
        "background": "#2d2d2d",
        "foreground": "#b3b9c5"
      }
    },
    {
      "settings": {
        "foreground": "#92d192"
      },
      "name": "String",
      "scope": "string, constant.other.symbol, entity.other.inherited-class, punctuation.definition.string, markup.underline.link.image.markdown, string.other.link, markup.raw.inline, markup.inserted, markup.inserted.git_gutter, string.other.link.title.markdown, variable.parameter.url.scss"
    },
    {
      "settings": {
        "foreground": "#ffeea6"
      },
      "name": "Keyword",
      "scope": "keyword, keyword.operator.expression.typeof, variable.language.this, storage, support.function.construct.output.php, keyword.operator.new, markup.inline.raw.string.markdown, keyword.operator.expression.import.js"
    },
    {
      "settings": {
        "foreground": "#ffd479"
      },
      "name": "Attribute",
      "scope": "entity.other.attribute-name, entity.other.attribute-name.class.css, markup.heading punctuation.definition.heading, entity.name.section, entity.other.attribute-name.class.css, string.unquoted.alias.graphql"
    },
    {
      "settings": {
        "foreground": "#ffffff"
      },
      "name": "Function",
      "scope": "variable.other.property.php, variable.other.member.php, entity.name.function.php, meta.function-call, meta.property-value, meta.selector, entity.name.function.ts, entity.name.function.js, entity.name.function.tsx"
    },
    {
      "settings": {
        "foreground": "#6ab0f3"
      },
      "name": "Tag",
      "scope": "support.class, entity.name.type.class, meta.entity.new.name.expr, entity.name.tag.structure.any.html, meta.tag.structure.any.html, punctuation.definition.tag.html, meta.tag.sgml.doctype.html, keyword.other.special-method, entity.name.type, entity.name.tag, support.variable.dom.js, meta.tag.structure.any.html, markup.bold, punctuation.definition.bold, entity.name.type.ts, support.variable.dom.ts, entity.name.function.graphql"
    },
    {
      "settings": {
        "foreground": "#4a7baa"
      },
      "name": "TS Types",
      "scope": "meta.type.annotation.ts, support.type.primitive.ts, entity.name.type.ts, meta.type.annotation.ts, variable.other.jsdoc"
    },
    {
      "settings": {
        "foreground": "#848991"
      },
      "name": "TS Param",
      "scope": "variable.parameter.ts, variable.parameter.ts, variable.parameter.tsx, entity.tag.tagbraces.nunjucks, string.unquoted.filter-pipe.nunjucks, punctuation.colon.graphql, string.unquoted.graphql"
    },
    {
      "settings": {
        "foreground": "#777c85"
      },
      "name": "Comment",
      "scope": "comment, punctuation.definition.comment, punctuation.separator.key-value, punctuation.separator, meta.template.expression.js, punctuation.definition.template-expression.begin.js, punctuation.definition.template-expression.end.js, markup.underline.link.markdown, punctuation.definition.metadata.markdown"
    },
    {
      "settings": {
        "foreground": "#f2777a"
      },
      "name": "Variable",
      "scope": "punctuation.definition.variable, variable, variable.language.this.php, markup.deleted, markup.deleted.git_gutter, invalid.illegal, string.unquoted.tag-string.nunjucks"
    },
    {
      "settings": {
        "foreground": "#fca369"
      },
      "name": "Number",
      "scope": "constant.numeric, keyword.other.unit, markup.quote"
    },
    {
      "settings": {
        "foreground": "#e1a6f2"
      },
      "name": "Support",
      "scope": "support.function, constant, entity.other.attribute-name.id, markup.italic, punctuation.definition.italic, markup.changed, markup.changed.git_gutter, support.constant.property-value"
    },
    {
      "settings": {
        "foreground": "#ac8d58"
      },
      "name": "Operator",
      "scope": "keyword.operator, constant.character.escape, constant.character.escape.json, entity.other.attribute-name.pseudo-element.css, entity.other.attribute-name.pseudo-class.css, keyword.operator, punctuation.accessor.js, punctuation.definition.block.tag.jsdoc, storage.type.class.jsdoc"
    },

    {
      "settings": {
        "foreground": "#d5d8df"
      },
      "name": "Brackets",
      "scope": "punctuation.definition.block, meta.parameters, punctuation.definition.parameters, meta.brace.round, punctuation.definition.dictionary, constant.character.escape.backslash.regexp, punctuation.section, punctuation.terminator.statement, variable.other.property.js, support.variable.property.dom.js, punctuation.definition.parameters, punctuation.definition.array, support.type.property-name.json, entity.name.function, meta.require, support.function.any-method, meta.tag.sgml.html, punctuation.section.embedded, variable.interpolation, variable.object.property.ts, variable.object.property.tsx, meta.brace.square, punctuation.definition.array, punctuation.definition.binding-pattern.object.js, entity.name.tag.yaml, meta.selectionset.graphql"
    },
    {
      "settings": {
        "foreground": "#62cfcf"
      },
      "name": "Variable Alternative",
      "scope": "entity.other.attribute-name.pseudo-class.css, constant.other.php, markup.italic.markdown, punctuation.definition.italic.markdown, string.regexp, entity.other.attribute-name.pseudo-element.css, meta.image.inline.markdown, string.other.link.description.markdown"
    },
    {
      "settings": {
        "foreground": "#abb2bf"
      },
      "name": "Property",
      "scope": "entity.name.tag.reference, meta.embedded.block.php, meta.embedded.line.php, keyword.other.phpdoc.php, meta.separator, variable.object.property.ts, variable.object.property.tsx, variable.other.property.js, support.variable.property.dom.js, support.type.property-name.json, punctuation.definition.tag.begin.html, punctuation.definition.tag.end.html, entity.name.type.instance.jsdoc, variable.graphql"
    }
  ],
  "colorSpaceName": "sRGB"
}
